{
  "baseline_acc": 0.8275862068965517,
  "iteration_accs": [
    0.8275862068965517,
    0.8390804597701149,
    0.8390804597701149,
    0.8390804597701149
  ],
  "final_acc": 0.8390804597701149,
  "improvement": 0.011494252873563204,
  "replay_ratio": 0.5,
  "elapsed": 3591.830997467041,
  "timestamp": "2026-04-30T18:18:57"
}