{
  "seeds": [
    42,
    123,
    456,
    789,
    1024
  ],
  "fixed_accs": [
    0.8505747126436781,
    0.8735632183908046,
    0.8390804597701149,
    0.8620689655172413,
    0.8850574712643678
  ],
  "fixed_mean": 0.8620689655172413,
  "fixed_std": 0.01625532830313905,
  "ponder_accs": [
    0.8735632183908046,
    0.8850574712643678,
    0.8735632183908046,
    0.8735632183908046,
    0.9080459770114943
  ],
  "ponder_mean": 0.8827586206896554,
  "ponder_std": 0.013404487114586881,
  "elapsed": 17343.82815504074,
  "timestamp": "2026-05-01T02:57:21"
}