{
  "iron_wall_mean": 0.8643678160919539,
  "iron_wall_std": 0.023443767878587537,
  "iron_wall_all": [
    0.8850574712643678,
    0.896551724137931,
    0.8390804597701149,
    0.8620689655172413,
    0.8390804597701149
  ],
  "baseline_mean": 0.8597701149425288,
  "baseline_std": 0.022288183252488894,
  "baseline_all": [
    0.8735632183908046,
    0.8850574712643678,
    0.8275862068965517,
    0.8735632183908046,
    0.8390804597701149
  ],
  "gambler_mean": 0.850574712643678,
  "gambler_std": 0.01780681998256286,
  "gambler_all": [
    0.8850574712643678,
    0.8505747126436781,
    0.8390804597701149,
    0.8390804597701149,
    0.8390804597701149
  ],
  "portfolio_mean": 0.9025000000000001,
  "portfolio_std": 0.024238399287081627,
  "portfolio_all": [
    0.9375,
    0.9125,
    0.9,
    0.9,
    0.8625
  ],
  "uniform_mean": 0.8643678160919539,
  "uniform_std": 0.023443767878587537,
  "n_seeds": 5,
  "elapsed": 7159.047096729279,
  "timestamp": "2026-04-29T17:08:59"
}