{
  "n_base_actions": 12,
  "n_macro_actions": 8,
  "n_total_actions": 20,
  "macros_discovered": [
    [
      [
        9,
        1
      ],
      1.0,
      8,
      8
    ],
    [
      [
        10,
        10
      ],
      1.0,
      8,
      8
    ],
    [
      [
        11,
        10
      ],
      1.0,
      7,
      7
    ],
    [
      [
        8,
        1
      ],
      1.0,
      6,
      6
    ],
    [
      [
        11,
        0
      ],
      1.0,
      6,
      6
    ],
    [
      [
        1,
        9
      ],
      1.0,
      6,
      6
    ],
    [
      [
        10,
        0
      ],
      1.0,
      6,
      6
    ],
    [
      [
        1,
        7
      ],
      1.0,
      6,
      6
    ]
  ],
  "macros_used": [
    "macro_9_1",
    "macro_10_10",
    "macro_11_10",
    "macro_8_1",
    "macro_11_0",
    "macro_1_9",
    "macro_10_0",
    "macro_1_7"
  ],
  "base_only": {
    "8": {
      "acc": 0.8620689655172413,
      "time": 262.49242663383484
    },
    "16": {
      "acc": 0.8620689655172413,
      "time": 776.6303625106812
    },
    "32": {
      "acc": 0.896551724137931,
      "time": 1548.9804136753082
    },
    "64": {
      "acc": 0.8620689655172413,
      "time": 3169.454030275345
    }
  },
  "expanded": {
    "8": {
      "acc": 0.8735632183908046,
      "time": 258.83824038505554
    },
    "16": {
      "acc": 0.8735632183908046,
      "time": 1002.2590403556824
    },
    "32": {
      "acc": 0.8850574712643678,
      "time": 2514.2639832496643
    },
    "64": {
      "acc": 0.8850574712643678,
      "time": 5013.95601272583
    }
  },
  "elapsed": 15788.293361186981,
  "timestamp": "2026-05-02T02:37:23"
}