{
  "zs_baseline": 0.7126436781609196,
  "ttt_baseline": 0.8620689655172413,
  "head_only": {
    "zs": [
      0.7126436781609196,
      0.7126436781609196,
      0.7126436781609196,
      0.7126436781609196,
      0.7126436781609196,
      0.7126436781609196,
      0.7126436781609196,
      0.7126436781609196,
      0.7126436781609196
    ],
    "ttt": [
      0.8620689655172413,
      0.8735632183908046,
      0.8850574712643678,
      0.8735632183908046,
      0.896551724137931,
      0.8620689655172413,
      0.8735632183908046,
      0.9080459770114943,
      0.8620689655172413
    ]
  },
  "lora": {
    "zs": [
      0.7126436781609196,
      0.0,
      0.0,
      0.0,
      0.0,
      0.0,
      0.0,
      0.0,
      0.0
    ],
    "ttt": [
      0.8620689655172413,
      0.8735632183908046,
      0.8505747126436781,
      0.8735632183908046,
      0.8850574712643678,
      0.8735632183908046,
      0.8850574712643678,
      0.8735632183908046,
      0.8735632183908046
    ]
  },
  "best_head_zs": 0.7126436781609196,
  "best_lora_zs": 0.7126436781609196,
  "best_head_ttt": 0.9080459770114943,
  "best_lora_ttt": 0.8850574712643678,
  "elapsed": 5048.123088598251,
  "timestamp": "2026-05-02T13:06:56"
}