{
  "adapt_only": 0.7701149425287356,
  "oneshot_15": 0.7586206896551724,
  "oneshot_30": 0.6896551724137931,
  "cycle_2x": 0.7471264367816092,
  "cycle_3x": 0.6206896551724138,
  "cycle_5x": 0.6436781609195402,
  "escalating": 0.632183908045977,
  "deescalating": 0.632183908045977,
  "elapsed": 1123.2975175380707,
  "timestamp": "2026-04-27T22:15:00"
}