{
  "a20_n5": 0.8275862068965517,
  "a20_n8": 0.8735632183908046,
  "a20_n10": 0.8045977011494253,
  "a20_n12": 0.8390804597701149,
  "a20_n15": 0.8850574712643678,
  "a22_n5": 0.8275862068965517,
  "a22_n8": 0.896551724137931,
  "a22_n10": 0.8505747126436781,
  "a22_n12": 0.8735632183908046,
  "a22_n15": 0.8735632183908046,
  "a25_n5": 0.9080459770114943,
  "a25_n8": 0.8620689655172413,
  "a25_n10": 0.8390804597701149,
  "a25_n12": 0.8620689655172413,
  "a25_n15": 0.8850574712643678,
  "a28_n5": 0.8735632183908046,
  "a28_n8": 0.8620689655172413,
  "a28_n10": 0.8505747126436781,
  "a28_n12": 0.8850574712643678,
  "a28_n15": 0.8620689655172413,
  "a30_n5": 0.8735632183908046,
  "a30_n8": 0.8735632183908046,
  "a30_n10": 0.8505747126436781,
  "a30_n12": 0.896551724137931,
  "a30_n15": 0.8850574712643678,
  "best_ablate": 0.25,
  "best_neuro": 0.05,
  "best_rate": 0.9080459770114943,
  "elapsed": 9021.612253427505,
  "timestamp": "2026-04-28T21:08:12"
}