{
  "probe_results": {
    "n_objects": {
      "embed": 0.2375478893518448,
      "layer_0": 0.28735631704330444,
      "layer_1": 0.27586206793785095,
      "layer_2": 0.26053640246391296,
      "layer_3": 0.26436781883239746
    },
    "symmetry": {
      "embed": 0.9233716130256653,
      "layer_0": 0.9233716130256653,
      "layer_1": 0.9233716130256653,
      "layer_2": 0.9233716130256653,
      "layer_3": 0.9233716130256653
    },
    "bg_color": {
      "embed": 0.8199233412742615,
      "layer_0": 0.8160919547080994,
      "layer_1": 0.8275861740112305,
      "layer_2": 0.8160919547080994,
      "layer_3": 0.8160919547080994
    },
    "n_colors": {
      "embed": 0.40613025426864624,
      "layer_0": 0.38697317242622375,
      "layer_1": 0.4406130015850067,
      "layer_2": 0.40996167063713074,
      "layer_3": 0.4252873361110687
    },
    "grid_size": {
      "embed": 0.6973180174827576,
      "layer_0": 0.7931034564971924,
      "layer_1": 0.8237547874450684,
      "layer_2": 0.7931034564971924,
      "layer_3": 0.7931034564971924
    }
  },
  "layer_names": [
    "embed",
    "layer_0",
    "layer_1",
    "layer_2",
    "layer_3"
  ],
  "concept_names": [
    "n_objects",
    "symmetry",
    "bg_color",
    "n_colors",
    "grid_size"
  ],
  "target_model_params": 149643,
  "n_train": 1041,
  "n_test": 261,
  "elapsed": 11.998295545578003,
  "timestamp": "2026-04-27T08:06:00"
}