{
  "adapt_100": 0.8390804597701149,
  "ablate14_100": 0.8505747126436781,
  "neuro15_100": 0.8390804597701149,
  "apoptosis_14_15": 0.8275862068965517,
  "apoptosis_14_10": 0.8505747126436781,
  "apoptosis_14_20": 0.8275862068965517,
  "apoptosis_10_15": 0.8045977011494253,
  "apoptosis_18_15": 0.8620689655172413,
  "elapsed": 2007.6173157691956,
  "timestamp": "2026-04-28T13:52:51"
}