{
  "dynamics_loss": 0.009828542892743522,
  "n_transitions": 480,
  "real_mcts": {
    "8": {
      "acc": 0.8735632183908046,
      "time": 292.2332682609558
    },
    "16": {
      "acc": 0.8850574712643678,
      "time": 855.8069767951965
    },
    "32": {
      "acc": 0.896551724137931,
      "time": 1606.7247257232666
    },
    "64": {
      "acc": 0.9080459770114943,
      "time": 3235.231615304947
    },
    "128": {
      "acc": 0.8850574712643678,
      "time": 6448.552046298981
    }
  },
  "latent_mcts": {
    "8": {
      "acc": 0.8735632183908046,
      "time": 33.07661724090576
    },
    "16": {
      "acc": 0.8735632183908046,
      "time": 51.63882112503052
    },
    "32": {
      "acc": 0.8735632183908046,
      "time": 53.16283631324768
    },
    "64": {
      "acc": 0.8620689655172413,
      "time": 52.70219326019287
    },
    "128": {
      "acc": 0.8850574712643678,
      "time": 54.89857053756714
    }
  },
  "elapsed": 13851.835675477982,
  "timestamp": "2026-05-02T06:28:15"
}