{
  "blind_mcts": {
    "8": {
      "acc": 0.8735632183908046,
      "time": 209.4105634689331
    },
    "16": {
      "acc": 0.8505747126436781,
      "time": 616.667464017868
    },
    "32": {
      "acc": 0.8505747126436781,
      "time": 1241.625604391098
    }
  },
  "prm_mcts": {
    "8": {
      "acc": 0.8850574712643678,
      "time": 210.18084692955017
    },
    "16": {
      "acc": 0.8850574712643678,
      "time": 618.8940522670746
    },
    "32": {
      "acc": 0.8735632183908046,
      "time": 1251.5026414394379
    }
  },
  "prm_samples": 240,
  "elapsed": 4910.244938135147,
  "timestamp": "2026-05-01T17:34:25"
}