{
  "elapsed": 487.07618618011475,
  "timestamp": "2026-04-27T10:47:54",
  "std_0": 0.5057471264367817,
  "rep_0": 0.5402298850574713,
  "std_5": 0.5402298850574713,
  "rep_5": 0.6091954022988506,
  "std_10": 0.5632183908045977,
  "rep_10": 0.5977011494252874,
  "std_20": 0.6206896551724138,
  "rep_20": 0.5862068965517241
}