{
  "adapt_only": 0.8045977011494253,
  "one_punch": 0.7471264367816092,
  "patch_1": 0.8045977011494253,
  "patch_3": 0.7931034482758621,
  "patch_1_punch": 0.8045977011494253,
  "patch_3_punch": 0.7931034482758621,
  "elapsed": 1414.4324703216553,
  "timestamp": "2026-04-28T12:02:37",
  "memory_bank_size": 318
}