{
  "single_mean": 0.8544061302681992,
  "single_std": 0.03792909937399105,
  "single_all": [
    0.8620689655172413,
    0.896551724137931,
    0.8045977011494253
  ],
  "ensemble_mean": 0.8697318007662834,
  "ensemble_std": 0.028671704113210295,
  "ensemble_all": [
    0.8620689655172413,
    0.9080459770114943,
    0.8390804597701149
  ],
  "soup_mean": 0.8735632183908045,
  "soup_std": 0.028155054514749183,
  "soup_all": [
    0.8735632183908046,
    0.9080459770114943,
    0.8390804597701149
  ],
  "K": 5,
  "n_seeds": 3,
  "elapsed": 4958.390952587128,
  "timestamp": "2026-04-30T08:55:34"
}