{
  "s0_mean": 0.6015325670498084,
  "s0_std": 0.04723688891163966,
  "s0_all": [
    0.6551724137931034,
    0.5402298850574713,
    0.6091954022988506
  ],
  "s0_time": 0.06126193006833394,
  "s0_tasks_12h": 705168,
  "s25_mean": 0.7969348659003831,
  "s25_std": 0.023618444455819846,
  "s25_all": [
    0.8275862068965517,
    0.7931034482758621,
    0.7701149425287356
  ],
  "s25_time": 1.0922931422789892,
  "s25_tasks_12h": 39549,
  "s50_mean": 0.8160919540229884,
  "s50_std": 0.009385018171583047,
  "s50_all": [
    0.8160919540229885,
    0.8045977011494253,
    0.8275862068965517
  ],
  "s50_time": 2.1703176985184354,
  "s50_tasks_12h": 19904,
  "s100_mean": 0.8659003831417623,
  "s100_std": 0.005418442767713054,
  "s100_all": [
    0.8620689655172413,
    0.8620689655172413,
    0.8735632183908046
  ],
  "s100_time": 4.221221033732096,
  "s100_tasks_12h": 10234,
  "s150_mean": 0.8812260536398467,
  "s150_std": 0.019536473232156275,
  "s150_all": [
    0.9080459770114943,
    0.8620689655172413,
    0.8735632183908046
  ],
  "s150_time": 6.313858728607496,
  "s150_tasks_12h": 6842,
  "s200_mean": 0.8620689655172414,
  "s200_std": 0.009385018171583092,
  "s200_all": [
    0.8505747126436781,
    0.8620689655172413,
    0.8735632183908046
  ],
  "s200_time": 8.465344672401747,
  "s200_tasks_12h": 5103,
  "s0_efficiency": 0.6015325670498084,
  "s25_efficiency": 0.04469569948082478,
  "s50_efficiency": 0.023034928205581593,
  "s100_efficiency": 0.012566685557303786,
  "s150_efficiency": 0.008550230099783075,
  "s200_efficiency": 0.006238425355425208,
  "best_steps": 0,
  "best_efficiency": 0.6015325670498084,
  "n_seeds": 3,
  "elapsed": 7358.411968946457,
  "timestamp": "2026-04-29T23:31:27"
}