{
  "a0_mean": 0.8574712643678162,
  "a0_std": 0.03049769922165886,
  "a0_min": 0.8275862068965517,
  "a0_max": 0.9080459770114943,
  "a0_all": [
    0.8505747126436781,
    0.9080459770114943,
    0.8275862068965517,
    0.8735632183908046,
    0.8275862068965517
  ],
  "a10_mean": 0.8620689655172414,
  "a10_std": 0.014539207632958101,
  "a10_min": 0.8390804597701149,
  "a10_max": 0.8735632183908046,
  "a10_all": [
    0.8735632183908046,
    0.8735632183908046,
    0.8390804597701149,
    0.8505747126436781,
    0.8735632183908046
  ],
  "a10_ttest_p": 0.7717151268489586,
  "a10_ttest_t": 0.31046021028253395,
  "a11_mean": 0.8574712643678162,
  "a11_std": 0.011721883939293774,
  "a11_min": 0.8390804597701149,
  "a11_max": 0.8735632183908046,
  "a11_all": [
    0.8735632183908046,
    0.8620689655172413,
    0.8390804597701149,
    0.8505747126436781,
    0.8620689655172413
  ],
  "a11_ttest_p": 0.9999999999999989,
  "a11_ttest_t": -1.4816138100775237e-15,
  "a12_mean": 0.8689655172413794,
  "a12_std": 0.005631010902949882,
  "a12_min": 0.8620689655172413,
  "a12_max": 0.8735632183908046,
  "a12_all": [
    0.8735632183908046,
    0.8735632183908046,
    0.8620689655172413,
    0.8735632183908046,
    0.8620689655172413
  ],
  "a12_ttest_p": 0.4299733794885484,
  "a12_ttest_t": 0.8770580193070306,
  "a13_mean": 0.8666666666666666,
  "a13_std": 0.013793103448275898,
  "a13_min": 0.8505747126436781,
  "a13_max": 0.8850574712643678,
  "a13_all": [
    0.8505747126436781,
    0.8735632183908046,
    0.8505747126436781,
    0.8850574712643678,
    0.8735632183908046
  ],
  "a13_ttest_p": 0.5275206451698222,
  "a13_ttest_t": 0.691094740465089,
  "a14_mean": 0.8459770114942529,
  "a14_std": 0.022524043611799348,
  "a14_min": 0.8160919540229885,
  "a14_max": 0.8850574712643678,
  "a14_all": [
    0.8850574712643678,
    0.8505747126436781,
    0.8390804597701149,
    0.8160919540229885,
    0.8390804597701149
  ],
  "a14_ttest_p": 0.5822848216890634,
  "a14_ttest_t": -0.5976143046671968,
  "a15_mean": 0.8735632183908046,
  "a15_std": 0.007269603816479059,
  "a15_min": 0.8620689655172413,
  "a15_max": 0.8850574712643678,
  "a15_all": [
    0.8735632183908046,
    0.8620689655172413,
    0.8735632183908046,
    0.8735632183908046,
    0.8850574712643678
  ],
  "a15_ttest_p": 0.43096867170316877,
  "a15_ttest_t": 0.8750000000000003,
  "a16_mean": 0.871264367816092,
  "a16_std": 0.022288183252488887,
  "a16_min": 0.8275862068965517,
  "a16_max": 0.8850574712643678,
  "a16_all": [
    0.8850574712643678,
    0.8850574712643678,
    0.8275862068965517,
    0.8850574712643678,
    0.8735632183908046
  ],
  "a16_ttest_p": 0.3239408309918423,
  "a16_ttest_t": 1.1239029738980342,
  "a17_mean": 0.8620689655172414,
  "a17_std": 0.024110548233796603,
  "a17_min": 0.8160919540229885,
  "a17_max": 0.8850574712643678,
  "a17_all": [
    0.8850574712643678,
    0.8620689655172413,
    0.8160919540229885,
    0.8735632183908046,
    0.8735632183908046
  ],
  "a17_ttest_p": 0.7942947427865168,
  "a17_ttest_t": 0.27869320571664774,
  "a18_mean": 0.8551724137931036,
  "a18_std": 0.02366811526663679,
  "a18_min": 0.8275862068965517,
  "a18_max": 0.896551724137931,
  "a18_all": [
    0.896551724137931,
    0.8620689655172413,
    0.8275862068965517,
    0.8505747126436781,
    0.8390804597701149
  ],
  "a18_ttest_p": 0.889916513340548,
  "a18_ttest_t": -0.1474419561548982,
  "best_rate": 0.15,
  "best_mean": 0.8735632183908046,
  "n_seeds": 5,
  "elapsed": 13623.449437379837,
  "timestamp": "2026-04-29T09:33:17"
}