{
  "scaling": {
    "8": {
      "acc": 0.8620689655172413,
      "time": 193.89376521110535
    },
    "16": {
      "acc": 0.8735632183908046,
      "time": 599.7376255989075
    },
    "32": {
      "acc": 0.8850574712643678,
      "time": 948.4898896217346
    },
    "64": {
      "acc": 0.8620689655172413,
      "time": 2655.7126076221466
    },
    "128": {
      "acc": 0.8620689655172413,
      "time": 5164.59961771965
    }
  },
  "elapsed": 10127.531531095505,
  "timestamp": "2026-05-01T20:23:13"
}