{
  "blind_mean": 0.0,
  "blind_std": 0.0,
  "blind_all": [
    0.0,
    0.0,
    0.0
  ],
  "neural_mean": 0.8735632183908045,
  "neural_std": 0.0248304241318309,
  "neural_all": [
    0.8850574712643678,
    0.896551724137931,
    0.8390804597701149
  ],
  "guided_mean": 0.0,
  "guided_std": 0.0,
  "guided_all": [
    0.0,
    0.0,
    0.0
  ],
  "hybrid_mean": 0.8735632183908045,
  "hybrid_std": 0.0248304241318309,
  "hybrid_all": [
    0.8850574712643678,
    0.896551724137931,
    0.8390804597701149
  ],
  "n_seeds": 3,
  "elapsed": 2361.9355919361115,
  "timestamp": "2026-04-29T18:12:45"
}