{
  "greedy": 0.6896551724137931,
  "adapt_50": 0.8505747126436781,
  "ablate_15_adapt": 0.896551724137931,
  "antifragile": 0.7011494252873564,
  "triage": {
    "high": 0,
    "medium": 1,
    "low": 79
  },
  "elapsed": 588.9493777751923,
  "timestamp": "2026-04-27T18:03:07"
}