{
  "wd_0.0_mean": 0.8965517241379309,
  "wd_0.0_std": 0.0248304241318309,
  "wd_0.0_all": [
    0.9080459770114943,
    0.9195402298850575,
    0.8620689655172413
  ],
  "wd_0.0001_mean": 0.8697318007662834,
  "wd_0.0001_std": 0.019536473232156293,
  "wd_0.0001_all": [
    0.8620689655172413,
    0.896551724137931,
    0.8505747126436781
  ],
  "wd_0.001_mean": 0.8888888888888888,
  "wd_0.001_std": 0.014335852056605121,
  "wd_0.001_all": [
    0.8735632183908046,
    0.9080459770114943,
    0.8850574712643678
  ],
  "wd_0.01_mean": 0.8850574712643677,
  "wd_0.01_std": 0.018770036343166138,
  "wd_0.01_all": [
    0.8850574712643678,
    0.9080459770114943,
    0.8620689655172413
  ],
  "elapsed": 4309.482905626297,
  "timestamp": "2026-04-30T19:30:47"
}