{
  "greedy": 0.6666666666666666,
  "greedy_std": 0.47165764861814763,
  "adapt_50": 0.8275862068965517,
  "adapt_50_std": 0.3811475272122331,
  "one_punch": 0.8505747126436781,
  "one_punch_std": 0.35876306596415414,
  "wins_punch": 3,
  "wins_adapt": 5,
  "ties": 72,
  "elapsed": 735.99742603302,
  "timestamp": "2026-04-28T10:50:11"
}