{
  "rate_0": 0.8275862068965517,
  "rate_5": 0.8275862068965517,
  "rate_8": 0.8275862068965517,
  "rate_10": 0.8275862068965517,
  "rate_12": 0.7931034482758621,
  "rate_14": 0.8735632183908046,
  "rate_15": 0.8160919540229885,
  "rate_16": 0.8505747126436781,
  "rate_18": 0.8620689655172413,
  "rate_20": 0.8505747126436781,
  "rate_25": 0.8275862068965517,
  "steps_10": 0.6896551724137931,
  "steps_25": 0.7931034482758621,
  "steps_50": 0.8505747126436781,
  "steps_75": 0.8735632183908046,
  "steps_100": 0.896551724137931,
  "elapsed": 2379.728388786316,
  "timestamp": "2026-04-28T13:00:25"
}