{
  "baseline_mean": 0.8574712643678162,
  "baseline_std": 0.03049769922165886,
  "baseline_all": [
    0.8505747126436781,
    0.9080459770114943,
    0.8275862068965517,
    0.8735632183908046,
    0.8275862068965517
  ],
  "all_15_mean": 0.8597701149425288,
  "all_15_std": 0.021069313540026877,
  "all_15_all": [
    0.8850574712643678,
    0.8850574712643678,
    0.8390804597701149,
    0.8505747126436781,
    0.8390804597701149
  ],
  "embed_mean": 0.8551724137931034,
  "embed_std": 0.021318663208036125,
  "embed_all": [
    0.8850574712643678,
    0.8735632183908046,
    0.8390804597701149,
    0.8275862068965517,
    0.8505747126436781
  ],
  "gnn1_mean": 0.8528735632183908,
  "gnn1_std": 0.026611119316759142,
  "gnn1_all": [
    0.8390804597701149,
    0.896551724137931,
    0.8160919540229885,
    0.8620689655172413,
    0.8505747126436781
  ],
  "gnn2_mean": 0.8781609195402298,
  "gnn2_std": 0.015591563179598344,
  "gnn2_all": [
    0.8735632183908046,
    0.896551724137931,
    0.8620689655172413,
    0.896551724137931,
    0.8620689655172413
  ],
  "readout_mean": 0.8597701149425288,
  "readout_std": 0.024545007475934064,
  "readout_all": [
    0.8620689655172413,
    0.896551724137931,
    0.8275862068965517,
    0.8735632183908046,
    0.8390804597701149
  ],
  "gnn_both_mean": 0.8528735632183908,
  "gnn_both_std": 0.008601511233963074,
  "gnn_both_all": [
    0.8620689655172413,
    0.8620689655172413,
    0.8390804597701149,
    0.8505747126436781,
    0.8505747126436781
  ],
  "best_single_layer": "gnn2",
  "best_single_mean": 0.8781609195402298,
  "all_15_var_reduction": 1.4474937289114906,
  "embed_var_reduction": 1.4305633952771801,
  "gnn1_var_reduction": 1.1460509743553715,
  "gnn2_var_reduction": 1.9560385876873005,
  "readout_var_reduction": 1.2425214883947908,
  "gnn_both_var_reduction": 3.5456210417116787,
  "n_seeds": 5,
  "elapsed": 14124.616940259933,
  "timestamp": "2026-04-29T21:28:48"
}