{
  "greedy_em": 0.4980694980694981,
  "search_results": {
    "1": 0.0,
    "10": 0.0,
    "50": 0.0,
    "100": 0.0,
    "500": 0.0
  },
  "best_search_em": 0.0,
  "best_budget": 1,
  "model_params": 113983,
  "elapsed": 659.2231090068817,
  "timestamp": "2026-04-27T09:45:52"
}