{
  "blind_pa": 0.9442997020008514,
  "concept_guided_pa": 0.9390591741166454,
  "improvement": -0.0052405278842060365,
  "blind_usage": {
    "LocalConv": 0.12157998996219416,
    "GlobalAttn": 0.8242146984827473,
    "Mirror": 0.05420531044175342
  },
  "guided_usage": {
    "LocalConv": 0.30284223308736796,
    "GlobalAttn": 0.6359283457085547,
    "Mirror": 0.061229425500293345
  },
  "elapsed": 46.101203203201294,
  "timestamp": "2026-04-27T08:56:49"
}