{
  "base_greedy": 0.5862068965517241,
  "base_adapt": 0.8390804597701149,
  "base_super": 0.8390804597701149,
  "distilled_greedy": 0.5517241379310345,
  "distilled_adapt": 0.7816091954022989,
  "distilled_super": 0.7586206896551724,
  "elapsed": 1822.0373749732971,
  "timestamp": "2026-04-28T10:37:54"
}