{
  "adapt_only": 0.8275862068965517,
  "rate10_rounds1": 0.7471264367816092,
  "rate10_rounds2": 0.7816091954022989,
  "rate10_rounds3": 0.8045977011494253,
  "rate10_rounds5": 0.8045977011494253,
  "rate15_rounds1": 0.8045977011494253,
  "rate15_rounds2": 0.7241379310344828,
  "rate15_rounds3": 0.8390804597701149,
  "rate15_rounds5": 0.8045977011494253,
  "rate20_rounds1": 0.7816091954022989,
  "rate20_rounds2": 0.7586206896551724,
  "rate20_rounds3": 0.7241379310344828,
  "rate20_rounds5": 0.735632183908046,
  "elapsed": 3446.575129032135,
  "timestamp": "2026-04-27T21:56:16"
}