{
  "a0.0_mean": 0.8735632183908045,
  "a0.0_std": 0.0248304241318309,
  "a0.0_all": [
    0.8850574712643678,
    0.896551724137931,
    0.8390804597701149
  ],
  "a0.1_mean": 0.8697318007662836,
  "a0.1_std": 0.021673771070852058,
  "a0.1_all": [
    0.8850574712643678,
    0.8850574712643678,
    0.8390804597701149
  ],
  "a0.3_mean": 0.8620689655172414,
  "a0.3_std": 0.0248304241318309,
  "a0.3_all": [
    0.8850574712643678,
    0.8735632183908046,
    0.8275862068965517
  ],
  "a0.5_mean": 0.8620689655172414,
  "a0.5_std": 1.1102230246251565e-16,
  "a0.5_all": [
    0.8620689655172413,
    0.8620689655172413,
    0.8620689655172413
  ],
  "a1.0_mean": 0.8505747126436782,
  "a1.0_std": 0.024830424131830904,
  "a1.0_all": [
    0.8275862068965517,
    0.8850574712643678,
    0.8390804597701149
  ],
  "best_alpha": 0.0,
  "best_mean": 0.8735632183908045,
  "n_seeds": 3,
  "elapsed": 7850.066067695618,
  "timestamp": "2026-04-29T20:23:36"
}