{
  "lr0.001_mean": 0.7049808429118775,
  "lr0.001_std": 0.030168612544106552,
  "lr0.001_all": [
    0.6896551724137931,
    0.7471264367816092,
    0.6781609195402298
  ],
  "lr0.005_mean": 0.8390804597701149,
  "lr0.005_std": 0.016255328303139003,
  "lr0.005_all": [
    0.8505747126436781,
    0.8505747126436781,
    0.8160919540229885
  ],
  "lr0.01_mean": 0.8697318007662836,
  "lr0.01_std": 0.014335852056605172,
  "lr0.01_all": [
    0.8735632183908046,
    0.8850574712643678,
    0.8505747126436781
  ],
  "lr0.05_mean": 0.8773946360153256,
  "lr0.05_std": 0.014335852056605163,
  "lr0.05_all": [
    0.8735632183908046,
    0.896551724137931,
    0.8620689655172413
  ],
  "lr0.1_mean": 0.8812260536398467,
  "lr0.1_std": 0.019536473232156275,
  "lr0.1_all": [
    0.8735632183908046,
    0.9080459770114943,
    0.8620689655172413
  ],
  "best_lr": 0.1,
  "best_mean": 0.8812260536398467,
  "n_seeds": 3,
  "elapsed": 5404.472001791,
  "timestamp": "2026-04-30T10:25:39"
}