{
  "greedy": 0.6436781609195402,
  "best_of_all": 0.7816091954022989,
  "confidence_select": 0.7586206896551724,
  "total": 87,
  "elapsed": 417.2918105125427,
  "timestamp": "2026-04-27T11:20:51"
}