{
  "greedy": {
    "rate": 0.7011494252873564,
    "ok": 61,
    "total": 87
  },
  "demo_adapt_10": {
    "rate": 0.8045977011494253,
    "ok": 70,
    "total": 87
  },
  "demo_adapt_10+entropy_5": {
    "rate": 0.8045977011494253,
    "ok": 70,
    "total": 87
  },
  "demo_adapt_10+entropy_10": {
    "rate": 0.8045977011494253,
    "ok": 70,
    "total": 87
  },
  "elapsed": 516.980753660202,
  "timestamp": "2026-04-27T11:13:54"
}