{
  "results_by_alpha": {
    "0.0": {
      "pa": 0.9406300553426991,
      "sym_pa": 0.9402777777777778,
      "nosym_pa": 0.9406592899953896
    },
    "1.0": {
      "pa": 0.9406172839506173,
      "sym_pa": 0.9401111111111111,
      "nosym_pa": 0.9406592899953896
    },
    "2.0": {
      "pa": 0.9406130268199234,
      "sym_pa": 0.9399444444444445,
      "nosym_pa": 0.940668510834486
    },
    "3.0": {
      "pa": 0.9406555981268625,
      "sym_pa": 0.9396111111111111,
      "nosym_pa": 0.9407422775472568
    },
    "5.0": {
      "pa": 0.9406130268199234,
      "sym_pa": 0.9393333333333334,
      "nosym_pa": 0.9407192254495159
    },
    "-3.0": {
      "pa": 0.9407449978714346,
      "sym_pa": 0.9416111111111111,
      "nosym_pa": 0.9406731212540341
    }
  },
  "best_probe_layer": 0,
  "best_probe_accuracy": 0.9233716130256653,
  "model_params": 149643,
  "elapsed": 11.690621614456177,
  "timestamp": "2026-04-27T09:04:34"
}