{
  "glassbox_a0_mean": 0.8574712643678162,
  "glassbox_a0_std": 0.03049769922165886,
  "glassbox_a0_all": [
    0.8505747126436781,
    0.9080459770114943,
    0.8275862068965517,
    0.8735632183908046,
    0.8275862068965517
  ],
  "glassbox_a10_mean": 0.8620689655172414,
  "glassbox_a10_std": 0.014539207632958101,
  "glassbox_a10_all": [
    0.8735632183908046,
    0.8735632183908046,
    0.8390804597701149,
    0.8505747126436781,
    0.8735632183908046
  ],
  "glassbox_a10_std_ratio": 2.097617696340299,
  "glassbox_a15_mean": 0.8574712643678162,
  "glassbox_a15_std": 0.020040914682945648,
  "glassbox_a15_all": [
    0.8850574712643678,
    0.8735632183908046,
    0.8275862068965517,
    0.8505747126436781,
    0.8505747126436781
  ],
  "glassbox_a15_std_ratio": 1.5217718205053632,
  "transformer_a0_mean": 0.4298850574712644,
  "transformer_a0_std": 0.06444986560402846,
  "transformer_a0_all": [
    0.40229885057471265,
    0.5172413793103449,
    0.41379310344827586,
    0.3333333333333333,
    0.4827586206896552
  ],
  "transformer_a10_mean": 0.4137931034482758,
  "transformer_a10_std": 0.07996564198126936,
  "transformer_a10_all": [
    0.3218390804597701,
    0.5402298850574713,
    0.4367816091954023,
    0.3333333333333333,
    0.4367816091954023
  ],
  "transformer_a10_std_ratio": 0.8059694639746003,
  "transformer_a15_mean": 0.4252873563218391,
  "transformer_a15_std": 0.0650213132125561,
  "transformer_a15_all": [
    0.41379310344827586,
    0.5402298850574713,
    0.4367816091954023,
    0.3448275862068966,
    0.39080459770114945
  ],
  "transformer_a15_std_ratio": 0.9912113800799507,
  "glassbox_var_reduction": 1.5217718205053632,
  "transformer_var_reduction": 0.9912113800799507,
  "is_universal": false,
  "n_seeds": 5,
  "elapsed": 21403.423097848892,
  "timestamp": "2026-04-29T16:44:52"
}