{
  "adapt_only": 0.8045977011494253,
  "ablate_15": 0.8160919540229885,
  "neuro_5": 0.8275862068965517,
  "neuro_15": 0.8505747126436781,
  "neuro_30": 0.8275862068965517,
  "creative_15": 0.8275862068965517,
  "elapsed": 958.0999553203583,
  "timestamp": "2026-04-28T12:18:35"
}