{
  "grad_acc": 0.8505747126436781,
  "ga_acc": 0.8505747126436781,
  "grad_time": 25.523775577545166,
  "ga_time": 2065.4919486045837,
  "ga_improvements": 3,
  "n_tasks": 80,
  "elapsed": 2589.2562947273254,
  "timestamp": "2026-05-01T15:28:04"
}