{
  "per_step": {
    "0": {
      "em": 86,
      "total": 173,
      "syntax_valid": 173
    },
    "1": {
      "em": 87,
      "total": 173,
      "syntax_valid": 173
    },
    "2": {
      "em": 87,
      "total": 173,
      "syntax_valid": 173
    },
    "3": {
      "em": 87,
      "total": 173,
      "syntax_valid": 173
    }
  },
  "em_rates": [
    0.49710982658959535,
    0.5028901734104047,
    0.5028901734104047,
    0.5028901734104047
  ],
  "syntax_rates": [
    1.0,
    1.0,
    1.0,
    1.0
  ],
  "max_refinements": 3,
  "model_params": 1449130,
  "elapsed": 59.63205337524414,
  "timestamp": "2026-04-27T08:26:23"
}