{
  "surgery_results": {
    "symmetry": {
      "layer_0": {
        "baseline": 0.9292592592592592,
        "add": 0.9259301830566199,
        "subtract": 0.9314985100042571,
        "add_delta": -0.003329076202639336,
        "sub_delta": 0.002239250744997867
      },
      "layer_1": {
        "baseline": 0.9292592592592592,
        "add": 0.9351851851851852,
        "subtract": 0.9184716900808855,
        "add_delta": 0.005925925925926001,
        "sub_delta": -0.010787569178373757
      },
      "layer_2": {
        "baseline": 0.9292592592592592,
        "add": 0.9219795657726693,
        "subtract": 0.9338484461472967,
        "add_delta": -0.0072796934865899665,
        "sub_delta": 0.004589186888037444
      },
      "layer_3": {
        "baseline": 0.9292592592592592,
        "add": 0.9272371221796509,
        "subtract": 0.9303575989782886,
        "add_delta": -0.0020221370796082994,
        "sub_delta": 0.0010983397190293953
      }
    },
    "bg_color": {
      "layer_0": {
        "baseline": 0.9292592592592592,
        "add": 0.9167518092805449,
        "subtract": 0.9374499787143465,
        "add_delta": -0.012507449978714336,
        "sub_delta": 0.008190719455087314
      },
      "layer_1": {
        "baseline": 0.9292592592592592,
        "add": 0.9309280544912729,
        "subtract": 0.9199787143465304,
        "add_delta": 0.0016687952320136867,
        "sub_delta": -0.009280544912728783
      },
      "layer_2": {
        "baseline": 0.9292592592592592,
        "add": 0.9170583226905066,
        "subtract": 0.9365389527458493,
        "add_delta": -0.012200936568752652,
        "sub_delta": 0.0072796934865900775
      },
      "layer_3": {
        "baseline": 0.9292592592592592,
        "add": 0.9196253724989357,
        "subtract": 0.9350617283950617,
        "add_delta": -0.009633886760323507,
        "sub_delta": 0.005802469135802513
      }
    }
  },
  "model_params": 149643,
  "n_test": 261,
  "elapsed": 15.0741548538208,
  "timestamp": "2026-04-27T08:57:05"
}