{
  "r0_mean": 0.8574712643678162,
  "r0_std": 0.03049769922165886,
  "r0_all": [
    0.8505747126436781,
    0.9080459770114943,
    0.8275862068965517,
    0.8735632183908046,
    0.8275862068965517
  ],
  "r5_mean": 0.8620689655172413,
  "r5_std": 0.028155054514749183,
  "r5_all": [
    0.9080459770114943,
    0.8620689655172413,
    0.8390804597701149,
    0.8735632183908046,
    0.8275862068965517
  ],
  "r10_mean": 0.8758620689655172,
  "r10_std": 0.021069313540026877,
  "r10_all": [
    0.8850574712643678,
    0.896551724137931,
    0.8505747126436781,
    0.896551724137931,
    0.8505747126436781
  ],
  "r15_mean": 0.8597701149425288,
  "r15_std": 0.025598916610712757,
  "r15_all": [
    0.8620689655172413,
    0.8850574712643678,
    0.8160919540229885,
    0.8850574712643678,
    0.8505747126436781
  ],
  "r20_mean": 0.8758620689655172,
  "r20_std": 0.011262021805899683,
  "r20_all": [
    0.8735632183908046,
    0.896551724137931,
    0.8620689655172413,
    0.8735632183908046,
    0.8735632183908046
  ],
  "r25_mean": 0.8620689655172414,
  "r25_std": 0.024110548233796596,
  "r25_all": [
    0.8850574712643678,
    0.8735632183908046,
    0.8620689655172413,
    0.8735632183908046,
    0.8160919540229885
  ],
  "r30_mean": 0.8689655172413794,
  "r30_std": 0.020040914682945648,
  "r30_all": [
    0.8620689655172413,
    0.896551724137931,
    0.8620689655172413,
    0.8850574712643678,
    0.8390804597701149
  ],
  "best_rate": 0.1,
  "best_mean": 0.8758620689655172,
  "n_seeds": 5,
  "elapsed": 10052.997349500656,
  "timestamp": "2026-04-30T11:05:29"
}