{
  "zs_baseline": 0.6206896551724138,
  "ttt_baseline": 0.8390804597701149,
  "zs_history": [
    0.6206896551724138,
    0.6896551724137931,
    0.5977011494252874,
    0.7011494252873564,
    0.6551724137931034,
    0.6206896551724138
  ],
  "ttt_history": [
    0.8390804597701149,
    0.8735632183908046,
    0.8275862068965517,
    0.9195402298850575,
    0.8620689655172413,
    0.8850574712643678
  ],
  "final_zs": 0.6206896551724138,
  "final_ttt": 0.8850574712643678,
  "elapsed": 6979.1801970005035,
  "timestamp": "2026-05-01T17:50:06"
}