{
  "fixed_mean": 0.8735632183908045,
  "fixed_std": 0.009385018171583092,
  "es_mean": 0.8659003831417625,
  "es_std": 0.014335852056605172,
  "fixed_time_mean": 249.11255065600076,
  "es_time_mean": 114.26595290501912,
  "avg_steps": 45.75416666666666,
  "speedup": 2.1801117859059005,
  "elapsed": 2579.300377368927,
  "timestamp": "2026-04-30T19:23:32"
}