{
  "no_adapt_acc": 0.6206896551724138,
  "ttt_acc": 0.8850574712643678,
  "hyper_acc": 0.6206896551724138,
  "ttt_time": 251.6728880405426,
  "hyper_time": 0.43201684951782227,
  "speedup": 582.5534080937744,
  "elapsed": 899.7761089801788,
  "timestamp": "2026-04-30T17:34:05"
}