{
  "steps_0": 0.8620689655172413,
  "steps_2": 0.8505747126436781,
  "steps_3": 0.8390804597701149,
  "steps_5": 0.9080459770114943,
  "best_steps": 5,
  "best_acc": 0.9080459770114943,
  "elapsed": 3987.029307126999,
  "timestamp": "2026-04-30T18:40:33"
}