{
  "scaling": {
    "1d_0s": 0.632183908045977,
    "1d_5s": 0.7931034482758621,
    "1d_10s": 0.8275862068965517,
    "1d_20s": 0.8275862068965517,
    "1d_50s": 0.8505747126436781,
    "2d_0s": 0.632183908045977,
    "2d_5s": 0.8390804597701149,
    "2d_10s": 0.8505747126436781,
    "2d_20s": 0.8505747126436781,
    "2d_50s": 0.8505747126436781,
    "3d_0s": 0.64,
    "3d_5s": 0.8133333333333334,
    "3d_10s": 0.8133333333333334,
    "3d_20s": 0.8266666666666667,
    "3d_50s": 0.8266666666666667
  },
  "elapsed": 185.851464509964,
  "timestamp": "2026-04-27T10:16:00"
}