{
  "base_greedy": 0.632183908045977,
  "base_adapt": 0.8505747126436781,
  "base_punch": 0.8505747126436781,
  "kd_greedy": 0.5747126436781609,
  "kd_adapt": 0.8045977011494253,
  "kd_punch": 0.7931034482758621,
  "analysis": {
    "punch_gain_base": 0.0,
    "punch_gain_kd": -0.011494252873563204,
    "kd_gain": -0.04597701149425282,
    "double_gain": -0.05747126436781602,
    "additive": true
  },
  "elapsed": 1696.5401895046234,
  "timestamp": "2026-04-28T11:18:28"
}