{
  "verdict": "UNIVERSAL LAW",
  "universal_count": 2,
  "MLP_greedy": 0.20250000033527613,
  "MLP_greedy_std": 0.146012842858217,
  "MLP_adapt_50": 0.911700000166893,
  "MLP_adapt_50_std": 0.10046447187016734,
  "MLP_punch_random": 0.9191000002622605,
  "MLP_punch_random_std": 0.09837270999620687,
  "MLP_punch_strategic": 0.9166999995708466,
  "MLP_punch_strategic_std": 0.09499005268064042,
  "CNN_greedy": 0.18690000051632524,
  "CNN_greedy_std": 0.11490165428376187,
  "CNN_adapt_50": 0.22260000025853516,
  "CNN_adapt_50_std": 0.12238153439910607,
  "CNN_punch_random": 0.25870000110939145,
  "CNN_punch_random_std": 0.1257947137991584,
  "CNN_punch_strategic": 0.22380000071600079,
  "CNN_punch_strategic_std": 0.11983972677385103,
  "Transformer_greedy": 0.20220000114291906,
  "Transformer_greedy_std": 0.14391372528794397,
  "Transformer_adapt_50": 1.0,
  "Transformer_adapt_50_std": 0.0,
  "Transformer_punch_random": 1.0,
  "Transformer_punch_random_std": 0.0,
  "Transformer_punch_strategic": 1.0,
  "Transformer_punch_strategic_std": 0.0,
  "elapsed": 129.65647268295288,
  "timestamp": "2026-04-28T12:20:45"
}