{
  "baseline_mean": 0.8620689655172414,
  "baseline_std": 0.033838164238804015,
  "baseline_all": [
    0.8505747126436781,
    0.9080459770114943,
    0.8275862068965517
  ],
  "p59_standard_mean": 0.8697318007662836,
  "p59_standard_std": 0.023618444455819853,
  "p59_standard_all": [
    0.896551724137931,
    0.8735632183908046,
    0.8390804597701149
  ],
  "ultimate_mean": 0.888888888888889,
  "ultimate_std": 0.01953647323215629,
  "ultimate_all": [
    0.896551724137931,
    0.9080459770114943,
    0.8620689655172413
  ],
  "ultimate_no_soup_mean": 0.8735632183908045,
  "ultimate_no_soup_std": 0.009385018171583092,
  "ultimate_no_soup_all": [
    0.8850574712643678,
    0.8735632183908046,
    0.8620689655172413
  ],
  "n_seeds": 3,
  "elapsed": 8499.969393014908,
  "timestamp": "2026-04-30T16:08:34"
}