{
  "baseline_acc": 0.8275862068965517,
  "zs_baseline": 0.6206896551724138,
  "ttt_accs": [
    0.8275862068965517,
    0.8735632183908046,
    0.8390804597701149,
    0.8735632183908046,
    0.8850574712643678,
    0.8735632183908046,
    0.8505747126436781,
    0.8620689655172413,
    0.8620689655172413,
    0.8735632183908046,
    0.8160919540229885
  ],
  "zs_accs": [
    0.6206896551724138,
    0.5517241379310345,
    0.5057471264367817,
    0.5287356321839081,
    0.5287356321839081,
    0.5402298850574713,
    0.5747126436781609,
    0.47126436781609193,
    0.5057471264367817,
    0.6091954022988506,
    0.5632183908045977
  ],
  "final_ttt_acc": 0.8160919540229885,
  "final_zs_acc": 0.5632183908045977,
  "ttt_improvement": -0.011494252873563204,
  "zs_improvement": -0.05747126436781613,
  "n_iterations": 10,
  "elapsed": 4979.2349672317505,
  "timestamp": "2026-05-01T12:07:35"
}