{
  "baseline_acc": 0.8275862068965517,
  "zs_baseline": 0.6206896551724138,
  "ttt_accs": [
    0.8275862068965517,
    0.8620689655172413,
    0.896551724137931,
    0.8620689655172413,
    0.896551724137931,
    0.8735632183908046,
    0.8735632183908046,
    0.8505747126436781,
    0.8505747126436781,
    0.8620689655172413,
    0.8735632183908046
  ],
  "zs_accs": [
    0.6206896551724138,
    0.6551724137931034,
    0.6436781609195402,
    0.5632183908045977,
    0.632183908045977,
    0.5977011494252874,
    0.6551724137931034,
    0.5747126436781609,
    0.6091954022988506,
    0.6091954022988506,
    0.6091954022988506
  ],
  "final_ttt": 0.8735632183908046,
  "final_zs": 0.6091954022988506,
  "concept_stats": {
    "mirror": 206,
    "gravity": 143,
    "color_swap": 146,
    "flood": 222,
    "rotate": 121,
    "identity": 209,
    "flipv": 233,
    "fliph": 220
  },
  "elapsed": 5731.344620466232,
  "timestamp": "2026-05-01T15:30:32"
}