{
  "baseline_mean": 0.8517241379310345,
  "baseline_std": 0.026931895434160878,
  "baseline_min": 0.8045977011494253,
  "baseline_max": 0.9080459770114943,
  "baseline_ci95": 0.01669256173037779,
  "baseline_all": [0.8506, 0.9080, 0.8276, 0.8736, 0.8276, 0.8506, 0.8621, 0.8506, 0.8621, 0.8046],
  "ablate_14_mean": 0.8632183908045976,
  "ablate_14_std": 0.022079738749768468,
  "ablate_14_min": 0.8390804597701149,
  "ablate_14_max": 0.9080459770114943,
  "ablate_14_ci95": 0.013685163859786397,
  "ablate_14_all": [0.8736, 0.9080, 0.8506, 0.8506, 0.8391, 0.8506, 0.8851, 0.8506, 0.8851, 0.8391],
  "optimal_mean": 0.8540229885057471,
  "optimal_std": 0.023017223441954938,
  "optimal_min": 0.8045977011494253,
  "optimal_max": 0.8850574712643678,
  "optimal_ci95": 0.014266222891961214,
  "optimal_all": [0.8851, 0.8621, 0.8391, 0.8391, 0.8506, 0.8046, 0.8736, 0.8391, 0.8736, 0.8736],
  "ttest_t": 0.19611613513818554,
  "ttest_p": 0.8488759511995875,
  "significant": false,
  "elapsed": 10947,
  "timestamp": "2026-04-28T21:15:33"
}