{
  "noaug_0": 0.5862068965517241,
  "noaug_5": 0.6551724137931034,
  "noaug_10": 0.7011494252873564,
  "noaug_20": 0.7816091954022989,
  "noaug_50": 0.8390804597701149,
  "aug_0": 0.5862068965517241,
  "aug_5": 0.632183908045977,
  "aug_10": 0.6781609195402298,
  "aug_20": 0.7586206896551724,
  "aug_50": 0.8735632183908046,
  "elapsed": 982.5625851154327,
  "timestamp": "2026-04-27T11:05:17"
}