{
  "adapt_rate": 0.8636363636363636,
  "super_rate": 0.7954545454545454,
  "mean_dw_adapt": {
    "ne.weight": 0.0020174691337160764,
    "ne.bias": 0.007316891028312966,
    "g1.0.weight": 0.00043562058108364,
    "g1.0.bias": 0.0011980472307186573,
    "g1.2.weight": 0.0005190870675505721,
    "g1.2.bias": 0.0015735449094790965,
    "g2.0.weight": 0.0003211402077795356,
    "g2.0.bias": 0.00046540954026568214,
    "g2.2.weight": 0.0003315304547868436,
    "g2.2.bias": 0.0013555913632444573,
    "n1.weight": 0.002289414044935256,
    "n1.bias": 0.00354992866050452,
    "n2.weight": 0.004032466106582433,
    "n2.bias": 0.005528201295237523,
    "oh.weight": 0.0006589957526557555,
    "oh.bias": 0.00242209438001737,
    "c1h.weight": 0.00030926832669138095,
    "c1h.bias": 0.0009460525739541481,
    "c2h.weight": 0.0005188108935499259,
    "c2h.bias": 0.0017724257732197658,
    "pq.weight": 5.808968747512688e-05,
    "pq.bias": 0.00017434681285521947,
    "pk.weight": 6.199813084055706e-05,
    "pk.bias": 0.0
  },
  "mean_dw_super": {
    "ne.weight": 0.07028993116691709,
    "ne.bias": 0.031765147810801864,
    "g1.0.weight": 0.07924001272767782,
    "g1.0.bias": 0.07234194064512849,
    "g1.2.weight": 0.09071045913733541,
    "g1.2.bias": 0.040613070130348206,
    "g2.0.weight": 0.12425230983644724,
    "g2.0.bias": 0.12113078096881509,
    "g2.2.weight": 0.1355016004294157,
    "g2.2.bias": 0.03980916831642389,
    "n1.weight": 0.1488902958109975,
    "n1.bias": 0.015684144711121915,
    "n2.weight": 0.0914353646337986,
    "n2.bias": 0.02229357964824885,
    "oh.weight": 0.13405515905469656,
    "oh.bias": 0.9441432744264603,
    "c1h.weight": 0.05549717769026756,
    "c1h.bias": 0.07358194319531322,
    "c2h.weight": 0.06495180167257786,
    "c2h.bias": 0.12476246543228627,
    "pq.weight": 0.025483825081028044,
    "pq.bias": 0.01925702712032944,
    "pk.weight": 0.0268875221721828,
    "pk.bias": 0.3098243523389101
  },
  "rewiring_ratio": {
    "ne.weight": 34.84064761746644,
    "ne.bias": 4.341344935695435,
    "g1.0.weight": 181.90144398265605,
    "g1.0.bias": 60.38321260651272,
    "g1.2.weight": 174.74998860089678,
    "g1.2.bias": 25.80992120764617,
    "g2.0.weight": 386.90985067104117,
    "g2.0.bias": 260.2670776788692,
    "g2.2.weight": 408.7153939342797,
    "g2.2.bias": 29.366643515008146,
    "n1.weight": 65.03423709677122,
    "n1.bias": 4.418157718384365,
    "n2.weight": 22.674800535717644,
    "n2.bias": 4.032700413325125,
    "oh.weight": 203.42340373887652,
    "oh.bias": 389.80449408403706,
    "c1h.weight": 179.44669046451764,
    "c1h.bias": 77.77785846273643,
    "c2h.weight": 125.1935965109558,
    "c2h.bias": 70.39079848497371,
    "pq.weight": 438.6979202107057,
    "pq.bias": 110.45241840079291,
    "pk.weight": 433.68278700740933,
    "pk.bias": 30982435.23389101
  },
  "sparsity_pre": 0.3987643187575724,
  "sparsity_post": 0.3536740004405772,
  "kl_adapt": 0.5858095849639515,
  "kl_super": 0.5863318187321054,
  "elapsed": 479.51803612709045,
  "timestamp": "2026-04-28T10:07:31"
}