{
  "bfs_acc": 0.6206896551724138,
  "slot_acc": 0.022988505747126436,
  "bfs_params": 36316,
  "slot_params": 77692,
  "elapsed": 1549.2273933887482,
  "timestamp": "2026-04-30T13:31:02"
}