{
  "A25_N10": 0.8735632183908046,
  "A14_N0": 0.8735632183908046,
  "A25_N5": 0.8735632183908046,
  "A25_N15": 0.8505747126436781,
  "A14_N5": 0.8390804597701149,
  "ensemble_3": 0.8390804597701149,
  "ensemble_5": 0.8735632183908046,
  "elapsed": 2963.8387110233307,
  "timestamp": "2026-04-28T22:36:43"
}