{
  "zs_baseline": 0.7126436781609196,
  "ttt_baseline": 0.8620689655172413,
  "head_only": {
    "zs": [
      0.7126436781609196,
      0.7126436781609196,
      0.7126436781609196,
      0.7126436781609196,
      0.7126436781609196,
      0.7126436781609196,
      0.7126436781609196,
      0.7126436781609196,
      0.7126436781609196
    ],
    "ttt": [
      0.8620689655172413,
      0.8735632183908046,
      0.8850574712643678,
      0.8735632183908046,
      0.896551724137931,
      0.8620689655172413,
      0.8735632183908046,
      0.9080459770114943,
      0.8620689655172413
    ]
  },
  "full_network": {
    "zs": [
      0.7126436781609196,
      0.6436781609195402,
      0.6436781609195402,
      0.6666666666666666,
      0.6551724137931034,
      0.6436781609195402,
      0.6551724137931034,
      0.6551724137931034,
      0.632183908045977
    ],
    "ttt": [
      0.8620689655172413,
      0.8735632183908046,
      0.8275862068965517,
      0.8620689655172413,
      0.8620689655172413,
      0.8390804597701149,
      0.8390804597701149,
      0.8735632183908046,
      0.8160919540229885
    ]
  },
  "best_head_zs": 0.7126436781609196,
  "best_full_zs": 0.7126436781609196,
  "best_head_ttt": 0.9080459770114943,
  "best_full_ttt": 0.8735632183908046,
  "n_iterations": 8,
  "elapsed": 4307.060465335846,
  "timestamp": "2026-05-02T08:25:58"
}