{
  "configs": {
    "Standard TTT-100": {
      "acc": 0.8620689655172413,
      "time": 254.26150918006897
    },
    "Meta TTT-10": {
      "acc": 0.8735632183908046,
      "time": 28.935343503952026
    },
    "Meta MCTS-8": {
      "acc": 0.9195402298850575,
      "time": 216.1934962272644
    },
    "Meta MCTS-16": {
      "acc": 0.8275862068965517,
      "time": 671.5495901107788
    },
    "Meta MCTS-32": {
      "acc": 0.8850574712643678,
      "time": 1328.884515762329
    }
  },
  "best": "Meta MCTS-8",
  "elapsed": 2991.5441329479218,
  "timestamp": "2026-05-01T14:44:55"
}