{
  "baseline_lr0.003": 0.7471264367816092,
  "optimal_lr0.003": 0.735632183908046,
  "baseline_lr0.005": 0.7931034482758621,
  "optimal_lr0.005": 0.7816091954022989,
  "baseline_lr0.01": 0.8160919540229885,
  "optimal_lr0.01": 0.8735632183908046,
  "baseline_lr0.02": 0.8160919540229885,
  "optimal_lr0.02": 0.8735632183908046,
  "baseline_lr0.05": 0.8620689655172413,
  "optimal_lr0.05": 0.8505747126436781,
  "elapsed": 2347.112888813019,
  "timestamp": "2026-04-28T21:47:19"
}