{
  "configs": {
    "Standard + TTT 100": {
      "acc": 0.8620689655172413,
      "time": 170.24440479278564,
      "steps": 100,
      "speedup": 1.0,
      "acc_gap": 0.0
    },
    "Standard + TTT 25": {
      "acc": 0.8620689655172413,
      "time": 43.2384078502655,
      "steps": 25,
      "speedup": 3.937342128376734,
      "acc_gap": 0.0
    },
    "Standard + TTT 10": {
      "acc": 0.8620689655172413,
      "time": 17.688859939575195,
      "steps": 10,
      "speedup": 9.624385368776577,
      "acc_gap": 0.0
    },
    "Meta-Init + TTT 25": {
      "acc": 0.8735632183908046,
      "time": 43.23714852333069,
      "steps": 25,
      "speedup": 3.9374568075626466,
      "acc_gap": 0.011494252873563315
    },
    "Meta-Init + TTT 10": {
      "acc": 0.8735632183908046,
      "time": 17.807732105255127,
      "steps": 10,
      "speedup": 9.560139594785678,
      "acc_gap": 0.011494252873563315
    },
    "Meta-Init + TTT 5": {
      "acc": 0.8275862068965517,
      "time": 9.194977283477783,
      "steps": 5,
      "speedup": 18.514934789310836,
      "acc_gap": -0.03448275862068961
    }
  },
  "best_meta": "Meta-Init + TTT 25",
  "elapsed": 654.6954050064087,
  "timestamp": "2026-05-01T03:08:16"
}