{
  "oneshot_acc": 0.8275862068965517,
  "ar_acc": 0.8390804597701149,
  "elapsed": 952.1448338031769,
  "timestamp": "2026-04-30T13:46:54"
}