{
  "a0_n0": 0.8275862068965517,
  "a0_n5": 0.8390804597701149,
  "a0_n10": 0.8505747126436781,
  "a0_n15": 0.8275862068965517,
  "a0_n20": 0.8390804597701149,
  "a10_n0": 0.8505747126436781,
  "a10_n5": 0.8505747126436781,
  "a10_n10": 0.8620689655172413,
  "a10_n15": 0.8390804597701149,
  "a10_n20": 0.8390804597701149,
  "a14_n0": 0.8735632183908046,
  "a14_n5": 0.8735632183908046,
  "a14_n10": 0.8160919540229885,
  "a14_n15": 0.8505747126436781,
  "a14_n20": 0.8275862068965517,
  "a18_n0": 0.8505747126436781,
  "a18_n5": 0.8275862068965517,
  "a18_n10": 0.8390804597701149,
  "a18_n15": 0.8505747126436781,
  "a18_n20": 0.8390804597701149,
  "a25_n0": 0.8505747126436781,
  "a25_n5": 0.8735632183908046,
  "a25_n10": 0.8850574712643678,
  "a25_n15": 0.8735632183908046,
  "a25_n20": 0.8275862068965517,
  "best_ablate": 0.25,
  "best_neuro": 0.1,
  "best_rate": 0.8850574712643678,
  "baseline": 0.8275862068965517,
  "elapsed": 4855.0927040576935,
  "timestamp": "2026-04-28T17:36:54"
}