{
  "probe_results": {
    "n_objects": {
      "embed": 0.42145591974258423,
      "mp_0": 0.3448275923728943,
      "mp_1": 0.3448275923728943,
      "mp_2": 0.3409961462020874,
      "graph_pool": 0.3601532578468323
    },
    "symmetry": {
      "embed": 0.9233716130256653,
      "mp_0": 0.9233716130256653,
      "mp_1": 0.9233716130256653,
      "mp_2": 0.9233716130256653,
      "graph_pool": 0.9233716130256653
    },
    "bg_color": {
      "embed": 0.8007662892341614,
      "mp_0": 0.8007662892341614,
      "mp_1": 0.8199233412742615,
      "mp_2": 0.8199233412742615,
      "graph_pool": 0.8160919547080994
    },
    "n_colors": {
      "embed": 0.3601532578468323,
      "mp_0": 0.4559386968612671,
      "mp_1": 0.39846742153167725,
      "mp_2": 0.3524904251098633,
      "graph_pool": 0.4291187524795532
    },
    "grid_size": {
      "embed": 0.6245210766792297,
      "mp_0": 0.6513409614562988,
      "mp_1": 0.6475095748901367,
      "mp_2": 0.6398467421531677,
      "graph_pool": 0.7011494040489197
    }
  },
  "phase3_comparison": {
    "n_objects": 0.28735631704330444,
    "symmetry": 0.9233716130256653,
    "bg_color": 0.8275861740112305,
    "n_colors": 0.4406130015850067,
    "grid_size": 0.8237547874450684
  },
  "layer_names": [
    "embed",
    "mp_0",
    "mp_1",
    "mp_2",
    "graph_pool"
  ],
  "model_params": 723628,
  "avg_objects_per_grid": 6.562980030721966,
  "n_train": 1041,
  "n_test": 261,
  "elapsed": 20.84359335899353,
  "timestamp": "2026-04-27T08:25:22"
}