{
  "baseline_acc": 0.8275862068965517,
  "iteration_accs": [
    0.8275862068965517,
    0.8620689655172413,
    0.7701149425287356
  ],
  "final_acc": 0.7701149425287356,
  "improvement": -0.05747126436781613,
  "elapsed": 3014.8882954120636,
  "timestamp": "2026-04-30T13:55:27"
}