{
  "adapt_only": 0.7931034482758621,
  "K1": 0.7586206896551724,
  "K3": 0.8160919540229885,
  "K5": 0.7931034482758621,
  "elapsed": 2585.0434243679047,
  "timestamp": "2026-04-27T20:32:38"
}