{
  "zs_baseline": 0.7126436781609196,
  "ttt_baseline": 0.8620689655172413,
  "zs_history": [
    0.7126436781609196,
    0.7126436781609196,
    0.7126436781609196,
    0.7126436781609196,
    0.7126436781609196,
    0.7126436781609196,
    0.7126436781609196,
    0.7126436781609196,
    0.7126436781609196
  ],
  "ttt_history": [
    0.8620689655172413,
    0.8735632183908046,
    0.8735632183908046,
    0.8735632183908046,
    0.8850574712643678,
    0.8850574712643678,
    0.8505747126436781,
    0.8735632183908046,
    0.8850574712643678
  ],
  "kl_history": [
    0.037011924941660994,
    0.0067270918417785125,
    0.0019413604069564302,
    0.0007562804020057291,
    0.0003658108792062533,
    0.0002488640405363956,
    0.00015610102879799019,
    0.00014268442735833637
  ],
  "best_zs": 0.7126436781609196,
  "best_ttt": 0.8850574712643678,
  "best_zs_iter": 0,
  "best_ttt_iter": 4,
  "n_iterations": 8,
  "elapsed": 4833.26326584816,
  "timestamp": "2026-05-01T22:14:14"
}