{
  "results_by_steps": {
    "0": 0.5632183908045977,
    "5": 0.7241379310344828,
    "10": 0.7701149425287356,
    "20": 0.7931034482758621
  },
  "model_params": 54654,
  "n_test_tasks": 80,
  "elapsed": 89.12815403938293,
  "timestamp": "2026-04-27T09:53:48"
}