{
  "results": {
    "0": 0.924572180057394,
    "5": 0.9451852084576399,
    "10": 0.9573435728577362,
    "20": 0.9624265863977629
  },
  "params": 84587,
  "elapsed": 26.10557770729065,
  "timestamp": "2026-04-27T10:20:32"
}