{
  "op_accuracy": 0.6833976833976834,
  "color1_accuracy": 0.8996138996138996,
  "color2_accuracy": 0.722007722007722,
  "pointer_accuracy": 0.9073359073359073,
  "full_match": 0.528957528957529,
  "model_params": 40411,
  "n_test": 259,
  "elapsed": 14.337566614151001,
  "timestamp": "2026-04-27T08:43:29"
}