{
  "baseline": 0.572972972972973,
  "task_conditioned": 0.6432432432432432,
  "improvement": 0.07027027027027022,
  "n_test": 185,
  "elapsed": 590.6754105091095,
  "timestamp": "2026-04-27T10:11:38"
}